{
  "hash": "094c70b4",
  "configHash": "38aaf90e",
  "lockfileHash": "bcb5ece3",
  "browserHash": "e1388265",
  "optimized": {
    "@angular/common": {
      "src": "../../../../../node_modules/@angular/common/fesm2022/common.mjs",
      "file": "@angular_common.js",
      "fileHash": "502338e7",
      "needsInterop": false
    },
    "@angular/core": {
      "src": "../../../../../node_modules/@angular/core/fesm2022/core.mjs",
      "file": "@angular_core.js",
      "fileHash": "6421fe0e",
      "needsInterop": false
    },
    "@angular/forms": {
      "src": "../../../../../node_modules/@angular/forms/fesm2022/forms.mjs",
      "file": "@angular_forms.js",
      "fileHash": "2d66758b",
      "needsInterop": false
    },
    "@angular/platform-browser": {
      "src": "../../../../../node_modules/@angular/platform-browser/fesm2022/platform-browser.mjs",
      "file": "@angular_platform-browser.js",
      "fileHash": "c732f357",
      "needsInterop": false
    },
    "@angular/router": {
      "src": "../../../../../node_modules/@angular/router/fesm2022/router.mjs",
      "file": "@angular_router.js",
      "fileHash": "41ddb3e7",
      "needsInterop": false
    },
    "underscore": {
      "src": "../../../../../node_modules/underscore/modules/index-all.js",
      "file": "underscore.js",
      "fileHash": "9d2e08f1",
      "needsInterop": false
    }
  },
  "chunks": {
    "chunk-5DZG3RUT": {
      "file": "chunk-5DZG3RUT.js"
    },
    "chunk-VC5IRNN5": {
      "file": "chunk-VC5IRNN5.js"
    },
    "chunk-R3N53L6X": {
      "file": "chunk-R3N53L6X.js"
    },
    "chunk-GLLL6ZVE": {
      "file": "chunk-GLLL6ZVE.js"
    }
  }
}